country.jhu_ID,country.source
Afghanistan,https://www.humanitarianresponse.info/en/operations/afghanistan/health/documents/table
Albania,https://new.shendetesia.gov.al/?s=COVID19%2F+Ministria+e+Sh%C3%ABndet%C3%ABsis%C3%AB%3A
Barbados,https://gisbarbados.gov.bb/?s=COVID-19+update
Belize,https://www.facebook.com/Belizehealth/photos
Bhutan,https://www.facebook.com/MoHBhutan/photos/3641467919248131
Bolivia,https://www.minsalud.gob.bo/
Brazil,https://viz.saude.gov.br/extensions/DEMAS_C19Insumos_TESTES/DEMAS_C19Insumos_TESTES.html
Brunei,www.moh.gov.bn/Lists/Latest%20news/NewDispForm.aspx?ID=504&Source=http%3A%2F%2Fwww%2Emoh%2Egov%2Ebn%2FLists%2FLatest%2520news%2FAllItems%2Easpx&ContentTypeId=0x0104009A3003A09F8D6E42981D262E322516A2
Bulgaria,https://coronavirus.bg/
Cambodia,https://www.voacambodia.com/a/more-than-5000-tested-for-virus-in-cambodia-national-tally-reaches-109-cases/5353258.html
Colombia,https://www.ins.gov.co/Noticias/Paginas/Coronavirus.aspx
CostaRica,http://geovision.uned.ac.cr/oges/index.html
Cuba,http://www.cubadebate.cu/?s=Cuba+reporta
Cyprus,https://covid19.ucy.ac.cy/
Dominica,https://www.facebook.com/SupportRooseveltSkerrit/photos
DominicanRepublic,https://www.msp.gob.do/web/?page_id=6948#1586785071781-f0e8c057-f5f4
ElSalavador,https://covid19.gob.sv/
Estonia,https://koroonakaart.ee/en
FaroeIslands,https://corona.fo/?_l=en
Fiji,http://www.health.gov.fj/covid-19-updates/
FrenchPolynesia,https://www.presidence.pf/?s=Coronavirus+COVID-19+le+point+sur+la+situation
Gabon,https://africacdc.org/covid-19/
Georgia,Data received from Georgia CDC
Germany,https://www.rki.de/DE/Content/InfAZ/N/Neuartiges_Coronavirus/Situationsberichte/Okt_2020/Archiv_Oktober.html
Greece,https://eody.gov.gr/
Grenada,https://www.facebook.com/HealthGrenada/photos
Guyana,https://newsroom.gy/category/health/
Honduras,http://www.desastres.hn/COVID-19/COVID-19.png
HongKong,https://www.chp.gov.hk/files/pdf/statistics_on_covid_19_testing.pdf
Iran,http://irangov.ir/search?key=Health%20Ministry&title=1
Iraq,https://www.facebook.com/MOH.GOV.IQ
Israel,https://datadashboard.health.gov.il/COVID-19/general
Italy,http://arcg.is/C1unv
Jamaica,https://www.moh.gov.jm/?s=COVID-19+Clinical+Management+Summary
Jordan,https://corona.moh.gov.jo/en
Kazakhstan,https://hls.kz/
Kosovo,https://www.facebook.com/IKSHPK
Kyrgyzstan,http://www.med.kg/ru/informatsii/1209-epidsituatsiya-po-covid-19-v-kyrgyzstane-na-27-aprelya.html
LaoPeople'sDemoraticRepublic,https://www.covid19.gov.la/index.php
Latvia,https://infogram.com/covid-19-izplatiba-latvija-1hzj4ozwvnzo2pw
Lebanon,https://corona.ministryinfo.gov.lb/
Lesotho,https://africacdc.org/covid-19/
Luxembourg,https://msan.gouvernement.lu/fr/graphiques-evolution.html
Madagascar,https://africacdc.org/covid-19/
China,NA
Malawi,https://africacdc.org/covid-19/
Malaysia,https://www.facebook.com/kementeriankesihatanmalaysia/photos/10157490776386237
Malta,https://timesofmalta.com/articles/view/watch-live-daily-coronavirus-briefing.790073
Mexico,https://coronavirus.gob.mx/datos/
Moldova,https://msmps.gov.md/?s=cazuri+de+COVID-19
Montenegro,https://www.ijzcg.me/me/coronainfocg
Mozambique,https://africacdc.org/covid-19/
Myanmar,https://mohs.gov.mm/Main/content/publication/2019-ncov
Namibia,https://africacdc.org/covid-19/
Nepal,https://covid19.ndrrma.gov.np/
Netherlands,https://www.rivm.nl/documenten/epidemiologische-situatie-covid-19-in-nederland-8-juni-2063
NewCaledonia,https://covid19.nc/point-de-situation-en-nouvelle-caledonie/
Norway,https://www.fhi.no/en/id/infectious-diseases/coronavirus/daily-reports/daily-reports-COVID19/
occupiedPalestinianterritory,https://corona.ps/
Oman,https://twitter.com/OmanVSCovid19
Pakistan,http://covid.gov.pk/
Panama,https://twitter.com/MINSAPma/status/1325931093804113925/photo/1
PapuaNewGuinea,https://covid19.info.gov.pg/
Paraguay,https://www.mspbs.gov.py/reporte-covid19.html
Peru,https://covid19.minsa.gob.pe/sala_situacional.asp
Philippines,https://www.doh.gov.ph/covid19tracker
Portugal,https://covid19.min-saude.pt/ponto-de-situacao-atual-em-portugal/
Romania,https://stirioficiale.ro/informatii
Russia,https://www.rospotrebnadzor.ru/search/index.php?tags=&q=%C8%ED%F4%EE%F0%EC%E0%F6%E8%EE%ED%ED%FB%E9+%E1%FE%EB%EB%E5%F2%E5%ED%FC+%EE+%F1%E8%F2%F3%E0%F6%E8%E8+%E8+%EF%F0%E8%ED%E8%EC%E0%E5%EC%FB%F5+%EC%E5%F0%E0%F5+%EF%EE+%ED%E5%E4%EE%EF%F3%F9%E5%ED%E8%FE+%F0%E0%F1%EF%F0%EE%F1%F2%F0%E0%ED%E5%ED%E8%FF+%E7%E0%E1%EE%EB%E5%E2%E0%ED%E8%E9%2C+%E2%FB%E7%E2%E0%ED%ED%FB%F5+%ED%EE%E2%FB%EC+%EA%EE%F0%EE%ED%E0%E2%E8%F0%F3%F1%EE%EC&where=&how=d&from=&to=
SaintKittsandNevis,https://zizonline.com/category/covid-19/
Saint Lucia,https://www.covid19response.lc/
SaintVincentandtheGrenadines,https://www.facebook.com/SVGHEALTH/photos
SanMarino,http://www.iss.sm/on-line/home/articolo49014558.html
SaudiArabia,https://covid19.moh.gov.sa/
Scotland,https://public.tableau.com/profile/phs.covid.19#!/vizhome/COVID-19DailyDashboard_15960160643010/Dailyupdate
Serbia,https://covid19.rs/
Slovenia,https://www.nijz.si/sl/dnevno-spremljanje-okuzb-s-sars-cov-2-covid-19
SouthSudan,https://africacdc.org/covid-19/
Spain,https://www.mscbs.gob.es/gabinete/notasPrensa.do
Sweden,https://www.folkhalsomyndigheten.se/smittskydd-beredskap/utbrott/aktuella-utbrott/covid-19/statistik-och-analyser/veckorapporten-om-covid-19/
Tajikistan,https://eurasianet.org/dashboard-coronavirus-in-eurasia
Thailand,https://ddc.moph.go.th/viralpneumonia/eng/index.php
TheBahamas,https://www.facebook.com/MOHBahamas/
TheGambia,https://africacdc.org/covid-19/
TrinidadandTobago,http://www.health.gov.tt/sitepages/default.aspx?id=293
UnitedKingdom,https://coronavirus.data.gov.uk/testing
UnitedArabEmirates,https://fcsa.gov.ae/en-us/Pages/Covid19/UAE-Covid-19-Updates.aspx
UnitedRepublicofTanzania,https://africacdc.org/covid-19/
Uruguay,https://www.gub.uy/sistema-nacional-emergencias/pagina-embebida/visualizador-casos-coronavirus-covid-19-uruguay
US,https://covidtracking.com/data/#ME
Uzbekistan,https://t.me/koronavirusinfouz/3470
Venezuela,www.minci.gob.ve/venezuela-suma-198-nuevos-casos-de-covid-19-y-contabiliza-3-mil-790-infecciones/
Vietnam,https://ncov.moh.gov.vn/?fbclid=IwAR1JDjulr5Ni19WcUWqQqugrEN7Ta6HcGEMqEhdgzifWiSGlIxwknKr9VuU
